"Longitude (x)","Latitude (y)","Station Name","Climate ID","Date/Time","Year","Month","Day","Data Quality","Max Temp (°C)","Max Temp Flag","Min Temp (°C)","Min Temp Flag","Mean Temp (°C)","Mean Temp Flag","Heat Deg Days (°C)","Heat Deg Days Flag","Cool Deg Days (°C)","Cool Deg Days Flag","Total Rain (mm)","Total Rain Flag","Total Snow (cm)","Total Snow Flag","Total Precip (mm)","Total Precip Flag","Snow on Grnd (cm)","Snow on Grnd Flag","Dir of Max Gust (10s deg)","Dir of Max Gust Flag","Spd of Max Gust (km/h)","Spd of Max Gust Flag"
"-124.02","54.03","VANDERHOOF","1098D90","2018-01-01","2018","01","01","†","-12.0","","-22.0","","-17.0","","35.0","","0.0","","0.0","","0.0","","0.0","","0","","","","",""
"-124.02","54.03","VANDERHOOF","1098D90","2018-01-02","2018","01","02","†","-11.0","","-18.5","","-14.8","","32.8","","0.0","","0.0","","0.0","","0.0","","0","","","","",""
"-124.02","54.03","VANDERHOOF","1098D90","2018-01-03","2018","01","03","†","-7.0","","-16.0","","-11.5","","29.5","","0.0","","0.0","","0.0","","0.0","","0","","","","",""
"-124.02","54.03","VANDERHOOF","1098D90","2018-01-04","2018","01","04","†","-6.0","","-13.0","","-9.5","","27.5","","0.0","","0.0","T","0.0","","0.0","T","0","","","","",""
"-124.02","54.03","VANDERHOOF","1098D90","2018-01-05","2018","01","05","†","-1.0","","-8.0","","-4.5","","22.5","","0.0","","0.0","T","1.2","","1.2","","0","","","","",""
"-124.02","54.03","VANDERHOOF","1098D90","2018-01-06","2018","01","06","†","-3.5","","-11.0","","-7.3","","25.3","","0.0","","0.0","","0.2","","0.2","","0","","","","",""
"-124.02","54.03","VANDERHOOF","1098D90","2018-01-07","2018","01","07","†","0.0","","-7.0","","-3.5","","21.5","","0.0","","0.0","","3.4","","3.4","","0","","","","",""
"-124.02","54.03","VANDERHOOF","1098D90","2018-01-08","2018","01","08","†","0.0","","-5.0","","-2.5","","20.5","","0.0","","0.0","","0.0","","0.0","","0","","","","",""
"-124.02","54.03","VANDERHOOF","1098D90","2018-01-09","2018","01","09","†","-9.0","","-14.5","","-11.8","","29.8","","0.0","","0.0","","0.0","","0.0","","0","","","","",""
"-124.02","54.03","VANDERHOOF","1098D90","2018-01-10","2018","01","10","†","-16.0","","-20.0","","-18.0","","36.0","","0.0","","0.0","","0.0","","0.0","","0","","","","",""
"-124.02","54.03","VANDERHOOF","1098D90","2018-01-11","2018","01","11","†","-19.5","","-30.0","","-24.8","","42.8","","0.0","","0.0","","0.0","","0.0","","0","","","","",""
"-124.02","54.03","VANDERHOOF","1098D90","2018-01-12","2018","01","12","†","-15.0","","-28.0","","-21.5","","39.5","","0.0","","0.0","","3.0","","3.0","","0","","","","",""
"-124.02","54.03","VANDERHOOF","1098D90","2018-01-13","2018","01","13","†","-9.5","","-19.0","","-14.3","","32.3","","0.0","","0.0","","0.4","","0.4","","0","","","","",""
"-124.02","54.03","VANDERHOOF","1098D90","2018-01-14","2018","01","14","†","-1.0","","-11.5","","-6.3","","24.3","","0.0","","0.0","","0.0","","0.0","","0","","","","",""
"-124.02","54.03","VANDERHOOF","1098D90","2018-01-15","2018","01","15","†","0.0","","-6.0","","-3.0","","21.0","","0.0","","0.0","","0.0","","0.0","","0","","","","",""
"-124.02","54.03","VANDERHOOF","1098D90","2018-01-16","2018","01","16","†","0.0","","-6.0","","-3.0","","21.0","","0.0","","0.6","","0.0","","0.6","","0","","","","",""
"-124.02","54.03","VANDERHOOF","1098D90","2018-01-17","2018","01","17","†","3.0","","-6.5","","-1.8","","19.8","","0.0","","2.0","","0.0","","2.0","","0","","","","",""
"-124.02","54.03","VANDERHOOF","1098D90","2018-01-18","2018","01","18","†","1.5","","0.0","","0.8","","17.2","","0.0","","0.0","","0.0","","0.0","","0","","","","",""
"-124.02","54.03","VANDERHOOF","1098D90","2018-01-19","2018","01","19","†","3.5","","-5.0","","-0.8","","18.8","","0.0","","0.0","","1.0","","1.0","","0","","","","",""
"-124.02","54.03","VANDERHOOF","1098D90","2018-01-20","2018","01","20","†","3.0","","-11.0","","-4.0","","22.0","","0.0","","0.0","","0.0","","0.0","","0","","","","",""
"-124.02","54.03","VANDERHOOF","1098D90","2018-01-21","2018","01","21","†","4.5","","-5.0","","-0.3","","18.3","","0.0","","1.2","","0.0","","1.2","","0","","","","",""
"-124.02","54.03","VANDERHOOF","1098D90","2018-01-22","2018","01","22","†","-1.5","","-10.0","","-5.8","","23.8","","0.0","","0.0","","0.0","","0.0","","0","","","","",""
"-124.02","54.03","VANDERHOOF","1098D90","2018-01-23","2018","01","23","†","-1.5","","-14.5","","-8.0","","26.0","","0.0","","0.0","","0.8","","0.8","","0","","","","",""
"-124.02","54.03","VANDERHOOF","1098D90","2018-01-24","2018","01","24","†","-0.5","","-8.0","","-4.3","","22.3","","0.0","","0.0","","13.6","","13.6","","0","","","","",""
"-124.02","54.03","VANDERHOOF","1098D90","2018-01-25","2018","01","25","†","-2.5","","-8.0","","-5.3","","23.3","","0.0","","0.0","","2.0","","2.0","","0","","","","",""
"-124.02","54.03","VANDERHOOF","1098D90","2018-01-26","2018","01","26","†","-7.0","","-9.0","","-8.0","","26.0","","0.0","","0.0","","7.2","","7.2","","0","","","","",""
"-124.02","54.03","VANDERHOOF","1098D90","2018-01-27","2018","01","27","†","-8.0","","-15.0","","-11.5","","29.5","","0.0","","0.0","","0.2","","0.2","","0","","","","",""
"-124.02","54.03","VANDERHOOF","1098D90","2018-01-28","2018","01","28","†","-9.0","","-23.0","","-16.0","","34.0","","0.0","","0.0","","0.8","","0.8","","0","","","","",""
"-124.02","54.03","VANDERHOOF","1098D90","2018-01-29","2018","01","29","†","-2.0","","-15.0","","-8.5","","26.5","","0.0","","0.0","","1.4","","1.4","","0","","","","",""
"-124.02","54.03","VANDERHOOF","1098D90","2018-01-30","2018","01","30","†","-6.0","","-11.0","","-8.5","","26.5","","0.0","","0.0","","0.0","","0.0","","0","","","","",""
"-124.02","54.03","VANDERHOOF","1098D90","2018-01-31","2018","01","31","†","-0.5","","-13.0","","-6.8","","24.8","","0.0","","0.0","","0.0","","0.0","","0","","","","",""
"-124.02","54.03","VANDERHOOF","1098D90","2018-02-01","2018","02","01","†","-9.0","","-15.0","","-12.0","","30.0","","0.0","","0.0","","7.4","","7.4","","0","","","","",""
"-124.02","54.03","VANDERHOOF","1098D90","2018-02-02","2018","02","02","†","-7.5","","-12.0","","-9.8","","27.8","","0.0","","0.0","","11.0","","11.0","","0","","","","",""
"-124.02","54.03","VANDERHOOF","1098D90","2018-02-03","2018","02","03","†","-13.5","","-16.0","","-14.8","","32.8","","0.0","","0.0","","1.0","","1.0","","0","","","","",""
"-124.02","54.03","VANDERHOOF","1098D90","2018-02-04","2018","02","04","†","-15.0","","-17.0","","-16.0","","34.0","","0.0","","0.0","","9.0","","9.0","","0","","","","",""
"-124.02","54.03","VANDERHOOF","1098D90","2018-02-05","2018","02","05","†","-14.0","","-29.0","","-21.5","","39.5","","0.0","","0.0","","0.0","T","0.0","T","0","","","","",""
"-124.02","54.03","VANDERHOOF","1098D90","2018-02-06","2018","02","06","†","-11.0","","-20.5","","-15.8","","33.8","","0.0","","0.0","","4.6","","4.6","","0","","","","",""
"-124.02","54.03","VANDERHOOF","1098D90","2018-02-07","2018","02","07","†","-8.0","","-13.0","","-10.5","","28.5","","0.0","","0.0","","38.4","","38.4","","0","","","","",""
"-124.02","54.03","VANDERHOOF","1098D90","2018-02-08","2018","02","08","†","-8.0","","-11.5","","-9.8","","27.8","","0.0","","0.0","","0.0","","0.0","","0","","","","",""
"-124.02","54.03","VANDERHOOF","1098D90","2018-02-09","2018","02","09","†","-15.5","","-32.0","","-23.8","","41.8","","0.0","","0.0","","0.0","","0.0","","0","","","","",""
"-124.02","54.03","VANDERHOOF","1098D90","2018-02-10","2018","02","10","†","-14.5","","-33.0","","-23.8","","41.8","","0.0","","0.0","","0.0","","0.0","","0","","","","",""
"-124.02","54.03","VANDERHOOF","1098D90","2018-02-11","2018","02","11","†","-7.0","","-28.5","","-17.8","","35.8","","0.0","","0.0","","0.0","","0.0","","0","","","","",""
"-124.02","54.03","VANDERHOOF","1098D90","2018-02-12","2018","02","12","†","-9.0","","-32.0","","-20.5","","38.5","","0.0","","0.0","","0.0","","0.0","","0","","","","",""
"-124.02","54.03","VANDERHOOF","1098D90","2018-02-13","2018","02","13","†","4.0","","-15.0","","-5.5","","23.5","","0.0","","0.0","","0.0","","0.0","","0","","","","",""
"-124.02","54.03","VANDERHOOF","1098D90","2018-02-14","2018","02","14","†","-1.0","","-5.0","","-3.0","","21.0","","0.0","","0.0","","0.4","","0.4","","0","","","","",""
"-124.02","54.03","VANDERHOOF","1098D90","2018-02-15","2018","02","15","†","-9.0","","-25.0","","-17.0","","35.0","","0.0","","0.0","","6.0","","6.0","","0","","","","",""
"-124.02","54.03","VANDERHOOF","1098D90","2018-02-16","2018","02","16","†","2.0","","-12.0","","-5.0","","23.0","","0.0","","0.0","","0.0","","0.0","","0","","","","",""
"-124.02","54.03","VANDERHOOF","1098D90","2018-02-17","2018","02","17","†","-4.5","","-9.5","","-7.0","","25.0","","0.0","","0.0","","0.0","","0.0","","0","","","","",""
"-124.02","54.03","VANDERHOOF","1098D90","2018-02-18","2018","02","18","†","-6.0","","-24.0","","-15.0","","33.0","","0.0","","0.0","","0.0","","0.0","","0","","","","",""
"-124.02","54.03","VANDERHOOF","1098D90","2018-02-19","2018","02","19","†","-11.5","","-32.0","","-21.8","","39.8","","0.0","","0.0","","0.0","","0.0","","0","","","","",""
"-124.02","54.03","VANDERHOOF","1098D90","2018-02-20","2018","02","20","†","-12.0","","-32.5","","-22.3","","40.3","","0.0","","0.0","","5.8","","5.8","","0","","","","",""
"-124.02","54.03","VANDERHOOF","1098D90","2018-02-21","2018","02","21","†","-5.5","","-25.5","","-15.5","","33.5","","0.0","","0.0","","0.2","","0.2","","0","","","","",""
"-124.02","54.03","VANDERHOOF","1098D90","2018-02-22","2018","02","22","†","-6.0","","-21.0","","-13.5","","31.5","","0.0","","0.0","","3.8","","3.8","","0","","","","",""
"-124.02","54.03","VANDERHOOF","1098D90","2018-02-23","2018","02","23","†","0.5","","-16.0","","-7.8","","25.8","","0.0","","0.0","","0.0","","0.0","","0","","","","",""
"-124.02","54.03","VANDERHOOF","1098D90","2018-02-24","2018","02","24","†","3.0","","-18.0","","-7.5","","25.5","","0.0","","0.0","","0.0","T","0.0","T","0","","","","",""
"-124.02","54.03","VANDERHOOF","1098D90","2018-02-25","2018","02","25","†","2.0","","-4.0","","-1.0","","19.0","","0.0","","0.0","","0.0","","0.0","","0","","","","",""
"-124.02","54.03","VANDERHOOF","1098D90","2018-02-26","2018","02","26","†","3.0","","-17.0","","-7.0","","25.0","","0.0","","0.0","","0.0","T","0.0","T","0","","","","",""
"-124.02","54.03","VANDERHOOF","1098D90","2018-02-27","2018","02","27","†","5.5","","-6.0","","-0.3","","18.3","","0.0","","0.0","","0.0","","0.0","","0","","","","",""
"-124.02","54.03","VANDERHOOF","1098D90","2018-02-28","2018","02","28","†","2.0","","-10.0","","-4.0","","22.0","","0.0","","0.0","","10.4","","10.4","","0","","","","",""
"-124.02","54.03","VANDERHOOF","1098D90","2018-03-01","2018","03","01","†","-4.5","","-6.5","","-5.5","","23.5","","0.0","","0.0","","6.0","","6.0","","0","","","","",""
"-124.02","54.03","VANDERHOOF","1098D90","2018-03-02","2018","03","02","†","-5.5","","-10.0","","-7.8","","25.8","","0.0","","0.0","","0.0","","0.0","","0","","","","",""
"-124.02","54.03","VANDERHOOF","1098D90","2018-03-03","2018","03","03","†","-8.5","","-26.0","","-17.3","","35.3","","0.0","","0.0","","0.0","","0.0","","0","","","","",""
"-124.02","54.03","VANDERHOOF","1098D90","2018-03-04","2018","03","04","†","-5.0","","-26.0","","-15.5","","33.5","","0.0","","0.0","","0.0","","0.0","","0","","","","",""
"-124.02","54.03","VANDERHOOF","1098D90","2018-03-05","2018","03","05","†","-3.0","","-21.0","","-12.0","","30.0","","0.0","","0.0","","0.2","","0.2","","0","","","","",""
"-124.02","54.03","VANDERHOOF","1098D90","2018-03-06","2018","03","06","†","1.0","","-14.0","","-6.5","","24.5","","0.0","","0.0","","0.0","","0.0","","0","","","","",""
"-124.02","54.03","VANDERHOOF","1098D90","2018-03-07","2018","03","07","†","1.0","","-14.0","","-6.5","","24.5","","0.0","","0.0","","3.8","","3.8","","0","","","","",""
"-124.02","54.03","VANDERHOOF","1098D90","2018-03-08","2018","03","08","†","-2.0","","-16.5","","-9.3","","27.3","","0.0","","0.0","","4.0","","4.0","","0","","","","",""
"-124.02","54.03","VANDERHOOF","1098D90","2018-03-09","2018","03","09","†","4.0","","-16.5","","-6.3","","24.3","","0.0","","0.0","","0.0","","0.0","","0","","","","",""
"-124.02","54.03","VANDERHOOF","1098D90","2018-03-10","2018","03","10","†","6.5","","-9.0","","-1.3","","19.3","","0.0","","0.0","","0.0","","0.0","","0","","","","",""
"-124.02","54.03","VANDERHOOF","1098D90","2018-03-11","2018","03","11","†","6.5","","-16.0","","-4.8","","22.8","","0.0","","0.0","","0.0","","0.0","","0","","","","",""
"-124.02","54.03","VANDERHOOF","1098D90","2018-03-12","2018","03","12","†","10.0","","-14.5","","-2.3","","20.3","","0.0","","0.0","","0.0","","0.0","","0","","","","",""
"-124.02","54.03","VANDERHOOF","1098D90","2018-03-13","2018","03","13","†","12.0","","-9.5","","1.3","","16.7","","0.0","","0.0","","0.0","","0.0","","0","","","","",""
"-124.02","54.03","VANDERHOOF","1098D90","2018-03-14","2018","03","14","†","6.0","","0.0","","3.0","","15.0","","0.0","","9.8","","0.0","","9.8","","0","","","","",""
"-124.02","54.03","VANDERHOOF","1098D90","2018-03-15","2018","03","15","†","9.0","","-2.0","","3.5","","14.5","","0.0","","0.0","","0.0","T","0.0","T","0","","","","",""
"-124.02","54.03","VANDERHOOF","1098D90","2018-03-16","2018","03","16","†","3.5","","-3.0","","0.3","","17.7","","0.0","","6.0","","0.0","","6.0","","0","","","","",""
"-124.02","54.03","VANDERHOOF","1098D90","2018-03-17","2018","03","17","†","7.0","","-1.0","","3.0","","15.0","","0.0","","0.0","","0.0","","0.0","","0","","","","",""
"-124.02","54.03","VANDERHOOF","1098D90","2018-03-18","2018","03","18","†","10.0","","-3.0","","3.5","","14.5","","0.0","","0.0","","0.0","","0.0","","0","","","","",""
"-124.02","54.03","VANDERHOOF","1098D90","2018-03-19","2018","03","19","†","8.0","","-5.0","","1.5","","16.5","","0.0","","1.0","","0.0","","1.0","","0","","","","",""
"-124.02","54.03","VANDERHOOF","1098D90","2018-03-20","2018","03","20","†","8.0","","1.0","","4.5","","13.5","","0.0","","2.0","","0.0","","2.0","","0","","","","",""
"-124.02","54.03","VANDERHOOF","1098D90","2018-03-21","2018","03","21","†","5.0","","-6.0","","-0.5","","18.5","","0.0","","0.0","","0.0","","0.0","","0","","","","",""
"-124.02","54.03","VANDERHOOF","1098D90","2018-03-22","2018","03","22","†","3.5","","2.0","","2.8","","15.2","","0.0","","0.0","","4.0","","4.0","","0","","","","",""
"-124.02","54.03","VANDERHOOF","1098D90","2018-03-23","2018","03","23","†","3.5","","-9.0","","-2.8","","20.8","","0.0","","0.0","","0.0","","0.0","","0","","","","",""
"-124.02","54.03","VANDERHOOF","1098D90","2018-03-24","2018","03","24","†","5.0","","-10.5","","-2.8","","20.8","","0.0","","0.0","","0.0","","0.0","","0","","","","",""
"-124.02","54.03","VANDERHOOF","1098D90","2018-03-25","2018","03","25","†","6.5","","-1.0","","2.8","","15.2","","0.0","","0.0","","0.0","T","0.0","T","0","","","","",""
"-124.02","54.03","VANDERHOOF","1098D90","2018-03-26","2018","03","26","†","4.0","","0.0","","2.0","","16.0","","0.0","","5.4","","0.0","","5.4","","0","","","","",""
"-124.02","54.03","VANDERHOOF","1098D90","2018-03-27","2018","03","27","†","8.0","","1.5","","4.8","","13.2","","0.0","","0.0","","0.0","","0.0","","0","","","","",""
"-124.02","54.03","VANDERHOOF","1098D90","2018-03-28","2018","03","28","†","7.0","","-2.0","","2.5","","15.5","","0.0","","0.0","","0.0","","0.0","","0","","","","",""
"-124.02","54.03","VANDERHOOF","1098D90","2018-03-29","2018","03","29","†","3.5","","-4.5","","-0.5","","18.5","","0.0","","0.6","","11.0","","11.6","","0","","","","",""
"-124.02","54.03","VANDERHOOF","1098D90","2018-03-30","2018","03","30","†","-2.0","","-8.0","","-5.0","","23.0","","0.0","","0.0","","0.0","","0.0","","0","","","","",""
"-124.02","54.03","VANDERHOOF","1098D90","2018-03-31","2018","03","31","†","-1.5","","-20.5","","-11.0","","29.0","","0.0","","0.0","","0.0","","0.0","","0","","","","",""
"-124.02","54.03","VANDERHOOF","1098D90","2018-04-01","2018","04","01","†","3.0","","-10.5","","-3.8","","21.8","","0.0","","0.0","","0.0","","0.0","","0","","","","",""
"-124.02","54.03","VANDERHOOF","1098D90","2018-04-02","2018","04","02","†","6.5","","-15.0","","-4.3","","22.3","","0.0","","0.0","","0.0","","0.0","","0","","","","",""
"-124.02","54.03","VANDERHOOF","1098D90","2018-04-03","2018","04","03","†","2.5","","-10.0","","-3.8","","21.8","","0.0","","0.4","","1.4","","1.8","","0","","","","",""
"-124.02","54.03","VANDERHOOF","1098D90","2018-04-04","2018","04","04","†","2.0","","-5.0","","-1.5","","19.5","","0.0","","0.0","","0.0","","0.0","","0","","","","",""
"-124.02","54.03","VANDERHOOF","1098D90","2018-04-05","2018","04","05","†","0.5","","-14.5","","-7.0","","25.0","","0.0","","0.0","","0.0","","0.0","","0","","","","",""
"-124.02","54.03","VANDERHOOF","1098D90","2018-04-06","2018","04","06","†","2.0","","-7.0","","-2.5","","20.5","","0.0","","0.0","","0.0","","0.0","","0","","","","",""
"-124.02","54.03","VANDERHOOF","1098D90","2018-04-07","2018","04","07","†","8.0","","-4.0","","2.0","","16.0","","0.0","","0.0","","0.0","","0.0","","0","","","","",""
"-124.02","54.03","VANDERHOOF","1098D90","2018-04-08","2018","04","08","†","9.0","","-3.0","","3.0","","15.0","","0.0","","0.0","","0.0","","0.0","","0","","","","",""
"-124.02","54.03","VANDERHOOF","1098D90","2018-04-09","2018","04","09","†","13.5","","-1.0","","6.3","","11.7","","0.0","","0.0","","0.0","","0.0","","0","","","","",""
"-124.02","54.03","VANDERHOOF","1098D90","2018-04-10","2018","04","10","†","12.5","","0.0","","6.3","","11.7","","0.0","","2.4","","0.0","","2.4","","0","","","","",""
"-124.02","54.03","VANDERHOOF","1098D90","2018-04-11","2018","04","11","†","11.0","","-0.5","","5.3","","12.7","","0.0","","4.4","","0.0","T","4.4","","0","","","","",""
"-124.02","54.03","VANDERHOOF","1098D90","2018-04-12","2018","04","12","†","10.0","","-0.5","","4.8","","13.2","","0.0","","0.0","","0.0","","0.0","","0","","","","",""
"-124.02","54.03","VANDERHOOF","1098D90","2018-04-13","2018","04","13","†","6.5","","-3.0","","1.8","","16.2","","0.0","","0.4","","0.0","","0.4","","0","","","","",""
"-124.02","54.03","VANDERHOOF","1098D90","2018-04-14","2018","04","14","†","11.0","","-4.0","","3.5","","14.5","","0.0","","0.0","","0.0","","0.0","","0","","","","",""
"-124.02","54.03","VANDERHOOF","1098D90","2018-04-15","2018","04","15","†","12.0","","-10.5","","0.8","","17.2","","0.0","","0.0","","0.0","","0.0","","0","","","","",""
"-124.02","54.03","VANDERHOOF","1098D90","2018-04-16","2018","04","16","†","8.5","","0.5","","4.5","","13.5","","0.0","","0.0","","0.0","","0.0","","0","","","","",""
"-124.02","54.03","VANDERHOOF","1098D90","2018-04-17","2018","04","17","†","11.0","","-1.0","","5.0","","13.0","","0.0","","0.0","","0.0","","0.0","","0","","","","",""
"-124.02","54.03","VANDERHOOF","1098D90","2018-04-18","2018","04","18","†","12.0","","-1.5","","5.3","","12.7","","0.0","","0.0","","0.0","","0.0","","0","","","","",""
"-124.02","54.03","VANDERHOOF","1098D90","2018-04-19","2018","04","19","†","10.0","","-1.0","","4.5","","13.5","","0.0","","0.0","","0.0","","0.0","","0","","","","",""
"-124.02","54.03","VANDERHOOF","1098D90","2018-04-20","2018","04","20","†","8.0","","-1.0","","3.5","","14.5","","0.0","","4.8","","0.0","","4.8","","0","","","","",""
"-124.02","54.03","VANDERHOOF","1098D90","2018-04-21","2018","04","21","†","11.0","","3.0","","7.0","","11.0","","0.0","","0.0","","0.0","","0.0","","0","","","","",""
"-124.02","54.03","VANDERHOOF","1098D90","2018-04-22","2018","04","22","†","12.5","","-2.0","","5.3","","12.7","","0.0","","0.0","","0.0","","0.0","","0","","","","",""
"-124.02","54.03","VANDERHOOF","1098D90","2018-04-23","2018","04","23","†","17.5","","-3.0","","7.3","","10.7","","0.0","","0.0","","0.0","","0.0","","0","","","","",""
"-124.02","54.03","VANDERHOOF","1098D90","2018-04-24","2018","04","24","†","14.0","","0.5","","7.3","","10.7","","0.0","","0.0","","0.0","","0.0","","0","","","","",""
"-124.02","54.03","VANDERHOOF","1098D90","2018-04-25","2018","04","25","†","19.0","","-3.0","","8.0","","10.0","","0.0","","0.0","","0.0","","0.0","","0","","","","",""
"-124.02","54.03","VANDERHOOF","1098D90","2018-04-26","2018","04","26","†","23.0","","-1.0","","11.0","","7.0","","0.0","","0.0","","0.0","","0.0","","0","","","","",""
"-124.02","54.03","VANDERHOOF","1098D90","2018-04-27","2018","04","27","†","25.0","","0.5","","12.8","","5.2","","0.0","","0.0","","0.0","","0.0","","0","","","","",""
"-124.02","54.03","VANDERHOOF","1098D90","2018-04-28","2018","04","28","†","20.0","","3.0","","11.5","","6.5","","0.0","","0.0","","0.0","","0.0","","0","","","","",""
"-124.02","54.03","VANDERHOOF","1098D90","2018-04-29","2018","04","29","†","15.5","","0.0","","7.8","","10.2","","0.0","","0.0","","0.0","","0.0","","0","","","","",""
"-124.02","54.03","VANDERHOOF","1098D90","2018-04-30","2018","04","30","†","15.5","","-3.0","","6.3","","11.7","","0.0","","0.0","","0.0","","0.0","","0","","","","",""
"-124.02","54.03","VANDERHOOF","1098D90","2018-05-01","2018","05","01","†","18.0","","1.0","","9.5","","8.5","","0.0","","0.0","","0.0","","0.0","","0","","","","",""
"-124.02","54.03","VANDERHOOF","1098D90","2018-05-02","2018","05","02","†","20.0","","6.0","","13.0","","5.0","","0.0","","0.0","","0.0","","0.0","","0","","","","",""
"-124.02","54.03","VANDERHOOF","1098D90","2018-05-03","2018","05","03","†","15.0","","7.0","","11.0","","7.0","","0.0","","1.4","","0.0","","1.4","","0","","","","",""
"-124.02","54.03","VANDERHOOF","1098D90","2018-05-04","2018","05","04","†","15.5","","6.0","","10.8","","7.2","","0.0","","0.0","","0.0","","0.0","","0","","","","",""
"-124.02","54.03","VANDERHOOF","1098D90","2018-05-05","2018","05","05","†","21.0","","0.0","","10.5","","7.5","","0.0","","0.0","","0.0","","0.0","","0","","","","",""
"-124.02","54.03","VANDERHOOF","1098D90","2018-05-06","2018","05","06","†","24.0","","2.0","","13.0","","5.0","","0.0","","0.0","","0.0","","0.0","","0","","","","",""
"-124.02","54.03","VANDERHOOF","1098D90","2018-05-07","2018","05","07","†","22.0","","7.0","","14.5","","3.5","","0.0","","0.0","","0.0","","0.0","","0","","","","",""
"-124.02","54.03","VANDERHOOF","1098D90","2018-05-08","2018","05","08","†","24.0","","4.0","","14.0","","4.0","","0.0","","0.0","","0.0","","0.0","","0","","","","",""
"-124.02","54.03","VANDERHOOF","1098D90","2018-05-09","2018","05","09","†","17.0","","7.5","","12.3","","5.7","","0.0","","29.8","","0.0","","29.8","","0","","","","",""
"-124.02","54.03","VANDERHOOF","1098D90","2018-05-10","2018","05","10","†","19.0","","6.0","","12.5","","5.5","","0.0","","0.0","","0.0","","0.0","","0","","","","",""
"-124.02","54.03","VANDERHOOF","1098D90","2018-05-11","2018","05","11","†","22.0","","5.0","","13.5","","4.5","","0.0","","0.0","","0.0","","0.0","","0","","","","",""
"-124.02","54.03","VANDERHOOF","1098D90","2018-05-12","2018","05","12","†","24.0","","7.0","","15.5","","2.5","","0.0","","0.0","","0.0","","0.0","","0","","","","",""
"-124.02","54.03","VANDERHOOF","1098D90","2018-05-13","2018","05","13","†","25.0","","5.5","","15.3","","2.7","","0.0","","0.0","","0.0","","0.0","","0","","","","",""
"-124.02","54.03","VANDERHOOF","1098D90","2018-05-14","2018","05","14","†","28.0","","5.0","","16.5","","1.5","","0.0","","0.0","","0.0","","0.0","","0","","","","",""
"-124.02","54.03","VANDERHOOF","1098D90","2018-05-15","2018","05","15","†","26.0","","5.0","","15.5","","2.5","","0.0","","0.0","","0.0","","0.0","","0","","","","",""
"-124.02","54.03","VANDERHOOF","1098D90","2018-05-16","2018","05","16","†","25.5","","8.0","","16.8","","1.2","","0.0","","0.0","","0.0","","0.0","","0","","","","",""
"-124.02","54.03","VANDERHOOF","1098D90","2018-05-17","2018","05","17","†","24.0","","6.0","","15.0","","3.0","","0.0","","0.0","","0.0","","0.0","","0","","","","",""
"-124.02","54.03","VANDERHOOF","1098D90","2018-05-18","2018","05","18","†","25.0","","4.5","","14.8","","3.2","","0.0","","0.0","","0.0","","0.0","","0","","","","",""
"-124.02","54.03","VANDERHOOF","1098D90","2018-05-19","2018","05","19","†","28.0","","6.0","","17.0","","1.0","","0.0","","0.6","","0.0","","0.6","","0","","","","",""
"-124.02","54.03","VANDERHOOF","1098D90","2018-05-20","2018","05","20","†","19.5","","11.0","","15.3","","2.7","","0.0","","3.4","","0.0","","3.4","","0","","","","",""
"-124.02","54.03","VANDERHOOF","1098D90","2018-05-21","2018","05","21","†","22.0","","4.5","","13.3","","4.7","","0.0","","0.0","","0.0","","0.0","","0","","","","",""
"-124.02","54.03","VANDERHOOF","1098D90","2018-05-22","2018","05","22","†","26.0","","8.5","","17.3","","0.7","","0.0","","0.0","","0.0","","0.0","","0","","","","",""
"-124.02","54.03","VANDERHOOF","1098D90","2018-05-23","2018","05","23","†","28.0","","8.5","","18.3","","0.0","","0.3","","0.0","","0.0","","0.0","","0","","","","",""
"-124.02","54.03","VANDERHOOF","1098D90","2018-05-24","2018","05","24","†","24.0","","13.0","","18.5","","0.0","","0.5","","0.0","","0.0","","0.0","","0","","","","",""
"-124.02","54.03","VANDERHOOF","1098D90","2018-05-25","2018","05","25","†","16.5","","3.5","","10.0","","8.0","","0.0","","0.8","","0.0","","0.8","","0","","","","",""
"-124.02","54.03","VANDERHOOF","1098D90","2018-05-26","2018","05","26","†","14.0","","0.5","","7.3","","10.7","","0.0","","2.8","","0.0","","2.8","","0","","","","",""
"-124.02","54.03","VANDERHOOF","1098D90","2018-05-27","2018","05","27","†","16.5","","6.0","","11.3","","6.7","","0.0","","0.0","","0.0","","0.0","","0","","","","",""
"-124.02","54.03","VANDERHOOF","1098D90","2018-05-28","2018","05","28","†","17.0","","7.0","","12.0","","6.0","","0.0","","0.0","","0.0","","0.0","","0","","","","",""
"-124.02","54.03","VANDERHOOF","1098D90","2018-05-29","2018","05","29","†","17.0","","0.0","","8.5","","9.5","","0.0","","0.0","","0.0","","0.0","","0","","","","",""
"-124.02","54.03","VANDERHOOF","1098D90","2018-05-30","2018","05","30","†","15.5","","1.5","","8.5","","9.5","","0.0","","0.8","","0.0","","0.8","","0","","","","",""
"-124.02","54.03","VANDERHOOF","1098D90","2018-05-31","2018","05","31","†","17.0","","0.0","","8.5","","9.5","","0.0","","0.0","","0.0","","0.0","","0","","","","",""
"-124.02","54.03","VANDERHOOF","1098D90","2018-06-01","2018","06","01","†","16.0","","3.5","","9.8","","8.2","","0.0","","5.4","","0.0","","5.4","","0","","","","",""
"-124.02","54.03","VANDERHOOF","1098D90","2018-06-02","2018","06","02","†","19.0","","5.5","","12.3","","5.7","","0.0","","0.0","","0.0","","0.0","","0","","","","",""
"-124.02","54.03","VANDERHOOF","1098D90","2018-06-03","2018","06","03","†","15.5","","6.0","","10.8","","7.2","","0.0","","4.4","","0.0","","4.4","","0","","","","",""
"-124.02","54.03","VANDERHOOF","1098D90","2018-06-04","2018","06","04","†","16.0","","2.5","","9.3","","8.7","","0.0","","0.0","","0.0","","0.0","","0","","","","",""
"-124.02","54.03","VANDERHOOF","1098D90","2018-06-05","2018","06","05","†","15.0","","1.5","","8.3","","9.7","","0.0","","1.4","","0.0","","1.4","","0","","","","",""
"-124.02","54.03","VANDERHOOF","1098D90","2018-06-06","2018","06","06","†","20.0","","4.0","","12.0","","6.0","","0.0","","0.0","","0.0","","0.0","","0","","","","",""
"-124.02","54.03","VANDERHOOF","1098D90","2018-06-07","2018","06","07","†","17.5","","6.0","","11.8","","6.2","","0.0","","1.2","","0.0","","1.2","","0","","","","",""
"-124.02","54.03","VANDERHOOF","1098D90","2018-06-08","2018","06","08","†","15.0","","8.0","","11.5","","6.5","","0.0","","13.2","","0.0","","13.2","","0","","","","",""
"-124.02","54.03","VANDERHOOF","1098D90","2018-06-09","2018","06","09","†","14.5","","7.0","","10.8","","7.2","","0.0","","8.8","","0.0","","8.8","","0","","","","",""
"-124.02","54.03","VANDERHOOF","1098D90","2018-06-10","2018","06","10","†","17.5","","2.0","","9.8","","8.2","","0.0","","0.0","","0.0","","0.0","","0","","","","",""
"-124.02","54.03","VANDERHOOF","1098D90","2018-06-11","2018","06","11","†","16.0","","5.0","","10.5","","7.5","","0.0","","0.0","","0.0","","0.0","","0","","","","",""
"-124.02","54.03","VANDERHOOF","1098D90","2018-06-12","2018","06","12","†","20.0","","4.5","","12.3","","5.7","","0.0","","0.8","","0.0","","0.8","","0","","","","",""
"-124.02","54.03","VANDERHOOF","1098D90","2018-06-13","2018","06","13","†","18.5","","8.0","","13.3","","4.7","","0.0","","1.4","","0.0","","1.4","","0","","","","",""
"-124.02","54.03","VANDERHOOF","1098D90","2018-06-14","2018","06","14","†","21.0","","10.0","","15.5","","2.5","","0.0","","0.0","","0.0","","0.0","","0","","","","",""
"-124.02","54.03","VANDERHOOF","1098D90","2018-06-15","2018","06","15","†","19.0","","8.0","","13.5","","4.5","","0.0","","0.6","","0.0","","0.6","","0","","","","",""
"-124.02","54.03","VANDERHOOF","1098D90","2018-06-16","2018","06","16","†","27.5","","4.5","","16.0","","2.0","","0.0","","0.0","","0.0","","0.0","","0","","","","",""
"-124.02","54.03","VANDERHOOF","1098D90","2018-06-17","2018","06","17","†","30.0","","7.5","","18.8","","0.0","","0.8","","0.0","","0.0","","0.0","","0","","","","",""
"-124.02","54.03","VANDERHOOF","1098D90","2018-06-18","2018","06","18","†","33.5","","10.0","","21.8","","0.0","","3.8","","0.0","","0.0","","0.0","","0","","","","",""
"-124.02","54.03","VANDERHOOF","1098D90","2018-06-19","2018","06","19","†","34.5","","11.0","","22.8","","0.0","","4.8","","0.0","","0.0","","0.0","","0","","","","",""
"-124.02","54.03","VANDERHOOF","1098D90","2018-06-20","2018","06","20","†","31.5","","12.0","","21.8","","0.0","","3.8","","7.4","","0.0","","7.4","","0","","","","",""
"-124.02","54.03","VANDERHOOF","1098D90","2018-06-21","2018","06","21","†","29.0","","13.0","","21.0","","0.0","","3.0","","0.0","","0.0","","0.0","","0","","","","",""
"-124.02","54.03","VANDERHOOF","1098D90","2018-06-22","2018","06","22","†","28.0","","12.0","","20.0","","0.0","","2.0","","0.0","","0.0","","0.0","","0","","","","",""
"-124.02","54.03","VANDERHOOF","1098D90","2018-06-23","2018","06","23","†","25.5","","11.0","","18.3","","0.0","","0.3","","0.0","","0.0","","0.0","","0","","","","",""
"-124.02","54.03","VANDERHOOF","1098D90","2018-06-24","2018","06","24","†","16.0","","9.0","","12.5","","5.5","","0.0","","17.0","","0.0","","17.0","","0","","","","",""
"-124.02","54.03","VANDERHOOF","1098D90","2018-06-25","2018","06","25","†","17.5","","9.0","","13.3","","4.7","","0.0","","0.4","","0.0","","0.4","","0","","","","",""
"-124.02","54.03","VANDERHOOF","1098D90","2018-06-26","2018","06","26","†","19.0","","9.0","","14.0","","4.0","","0.0","","0.0","","0.0","","0.0","","0","","","","",""
"-124.02","54.03","VANDERHOOF","1098D90","2018-06-27","2018","06","27","†","20.0","","6.0","","13.0","","5.0","","0.0","","0.0","","0.0","","0.0","","0","","","","",""
"-124.02","54.03","VANDERHOOF","1098D90","2018-06-28","2018","06","28","†","18.0","","8.5","","13.3","","4.7","","0.0","","0.0","","0.0","","0.0","","0","","","","",""
"-124.02","54.03","VANDERHOOF","1098D90","2018-06-29","2018","06","29","†","21.0","","10.0","","15.5","","2.5","","0.0","","0.4","","0.0","","0.4","","0","","","","",""
"-124.02","54.03","VANDERHOOF","1098D90","2018-06-30","2018","06","30","†","20.0","","11.0","","15.5","","2.5","","0.0","","0.2","","0.0","","0.2","","0","","","","",""
"-124.02","54.03","VANDERHOOF","1098D90","2018-07-01","2018","07","01","†","20.0","","8.0","","14.0","","4.0","","0.0","","6.4","","0.0","","6.4","","0","","","","",""
"-124.02","54.03","VANDERHOOF","1098D90","2018-07-02","2018","07","02","†","21.0","","7.5","","14.3","","3.7","","0.0","","4.0","","0.0","","4.0","","0","","","","",""
"-124.02","54.03","VANDERHOOF","1098D90","2018-07-03","2018","07","03","†","19.5","","8.5","","14.0","","4.0","","0.0","","3.0","","0.0","","3.0","","0","","","","",""
"-124.02","54.03","VANDERHOOF","1098D90","2018-07-04","2018","07","04","†","25.5","","7.5","","16.5","","1.5","","0.0","","0.0","","0.0","","0.0","","0","","","","",""
"-124.02","54.03","VANDERHOOF","1098D90","2018-07-05","2018","07","05","†","25.5","","11.0","","18.3","","0.0","","0.3","","4.6","","0.0","","4.6","","0","","","","",""
"-124.02","54.03","VANDERHOOF","1098D90","2018-07-06","2018","07","06","†","23.0","","10.5","","16.8","","1.2","","0.0","","5.6","","0.0","","5.6","","0","","","","",""
"-124.02","54.03","VANDERHOOF","1098D90","2018-07-07","2018","07","07","†","20.5","","10.5","","15.5","","2.5","","0.0","","2.4","","0.0","","2.4","","0","","","","",""
"-124.02","54.03","VANDERHOOF","1098D90","2018-07-08","2018","07","08","†","24.0","","9.5","","16.8","","1.2","","0.0","","0.0","","0.0","","0.0","","0","","","","",""
"-124.02","54.03","VANDERHOOF","1098D90","2018-07-09","2018","07","09","†","27.0","","8.0","","17.5","","0.5","","0.0","","0.0","","0.0","","0.0","","0","","","","",""
"-124.02","54.03","VANDERHOOF","1098D90","2018-07-10","2018","07","10","†","25.0","","13.0","","19.0","","0.0","","1.0","","0.0","","0.0","","0.0","","0","","","","",""
"-124.02","54.03","VANDERHOOF","1098D90","2018-07-11","2018","07","11","†","23.5","","11.0","","17.3","","0.7","","0.0","","0.0","","0.0","","0.0","","0","","","","",""
"-124.02","54.03","VANDERHOOF","1098D90","2018-07-12","2018","07","12","†","24.0","","11.0","","17.5","","0.5","","0.0","","0.0","","0.0","","0.0","","0","","","","",""
"-124.02","54.03","VANDERHOOF","1098D90","2018-07-13","2018","07","13","†","22.5","","11.5","","17.0","","1.0","","0.0","","0.8","","0.0","","0.8","","0","","","","",""
"-124.02","54.03","VANDERHOOF","1098D90","2018-07-14","2018","07","14","†","27.0","","4.0","","15.5","","2.5","","0.0","","0.0","","0.0","","0.0","","0","","","","",""
"-124.02","54.03","VANDERHOOF","1098D90","2018-07-15","2018","07","15","†","28.0","","8.0","","18.0","","0.0","","0.0","","0.0","","0.0","","0.0","","0","","","","",""
"-124.02","54.03","VANDERHOOF","1098D90","2018-07-16","2018","07","16","†","31.0","","11.0","","21.0","","0.0","","3.0","","0.0","","0.0","","0.0","","0","","","","",""
"-124.02","54.03","VANDERHOOF","1098D90","2018-07-17","2018","07","17","†","29.0","","16.0","","22.5","","0.0","","4.5","","0.0","","0.0","","0.0","","0","","","","",""
"-124.02","54.03","VANDERHOOF","1098D90","2018-07-18","2018","07","18","†","26.0","","12.0","","19.0","","0.0","","1.0","","0.0","","0.0","","0.0","","0","","","","",""
"-124.02","54.03","VANDERHOOF","1098D90","2018-07-19","2018","07","19","†","23.0","","9.0","","16.0","","2.0","","0.0","","16.4","","0.0","","16.4","","0","","","","",""
"-124.02","54.03","VANDERHOOF","1098D90","2018-07-20","2018","07","20","†","15.5","","9.5","","12.5","","5.5","","0.0","","12.0","","0.0","","12.0","","0","","","","",""
"-124.02","54.03","VANDERHOOF","1098D90","2018-07-21","2018","07","21","†","25.0","","12.0","","18.5","","0.0","","0.5","","1.8","","0.0","","1.8","","0","","","","",""
"-124.02","54.03","VANDERHOOF","1098D90","2018-07-22","2018","07","22","†","22.5","","13.5","","18.0","","0.0","","0.0","","0.4","","0.0","","0.4","","0","","","","",""
"-124.02","54.03","VANDERHOOF","1098D90","2018-07-23","2018","07","23","†","21.5","","6.0","","13.8","","4.2","","0.0","","0.0","","0.0","","0.0","","0","","","","",""
"-124.02","54.03","VANDERHOOF","1098D90","2018-07-24","2018","07","24","†","25.0","","7.0","","16.0","","2.0","","0.0","","0.0","","0.0","","0.0","","0","","","","",""
"-124.02","54.03","VANDERHOOF","1098D90","2018-07-25","2018","07","25","†","28.5","","7.5","","18.0","","0.0","","0.0","","0.0","","0.0","","0.0","","0","","","","",""
"-124.02","54.03","VANDERHOOF","1098D90","2018-07-26","2018","07","26","†","31.0","","9.0","","20.0","","0.0","","2.0","","0.0","","0.0","","0.0","","0","","","","",""
"-124.02","54.03","VANDERHOOF","1098D90","2018-07-27","2018","07","27","†","32.0","","9.5","","20.8","","0.0","","2.8","","0.0","","0.0","","0.0","","0","","","","",""
"-124.02","54.03","VANDERHOOF","1098D90","2018-07-28","2018","07","28","†","34.0","","10.0","","22.0","","0.0","","4.0","","0.0","","0.0","","0.0","","0","","","","",""
"-124.02","54.03","VANDERHOOF","1098D90","2018-07-29","2018","07","29","†","36.0","","12.5","","24.3","","0.0","","6.3","","0.0","","0.0","","0.0","","0","","","","",""
"-124.02","54.03","VANDERHOOF","1098D90","2018-07-30","2018","07","30","†","34.0","","12.5","","23.3","","0.0","","5.3","","0.0","","0.0","","0.0","","0","","","","",""
"-124.02","54.03","VANDERHOOF","1098D90","2018-07-31","2018","07","31","†","30.0","","17.5","","23.8","","0.0","","5.8","","0.0","","0.0","","0.0","","0","","","","",""
"-124.02","54.03","VANDERHOOF","1098D90","2018-08-01","2018","08","01","†","26.0","","12.0","","19.0","","0.0","","1.0","","0.0","","0.0","","0.0","","0","","","","",""
"-124.02","54.03","VANDERHOOF","1098D90","2018-08-02","2018","08","02","†","25.5","","14.0","","19.8","","0.0","","1.8","","0.0","","0.0","","0.0","","0","","","","",""
"-124.02","54.03","VANDERHOOF","1098D90","2018-08-03","2018","08","03","†","25.5","","13.0","","19.3","","0.0","","1.3","","0.0","","0.0","","0.0","","0","","","","",""
"-124.02","54.03","VANDERHOOF","1098D90","2018-08-04","2018","08","04","†","26.0","","11.0","","18.5","","0.0","","0.5","","0.0","","0.0","","0.0","","0","","","","",""
"-124.02","54.03","VANDERHOOF","1098D90","2018-08-05","2018","08","05","†","30.0","","9.0","","19.5","","0.0","","1.5","","0.0","","0.0","","0.0","","0","","","","",""
"-124.02","54.03","VANDERHOOF","1098D90","2018-08-06","2018","08","06","†","29.0","","9.5","","19.3","","0.0","","1.3","","0.0","","0.0","","0.0","","0","","","","",""
"-124.02","54.03","VANDERHOOF","1098D90","2018-08-07","2018","08","07","†","28.5","","12.5","","20.5","","0.0","","2.5","","0.0","","0.0","","0.0","","0","","","","",""
"-124.02","54.03","VANDERHOOF","1098D90","2018-08-08","2018","08","08","†","31.0","","9.5","","20.3","","0.0","","2.3","","0.0","","0.0","","0.0","","0","","","","",""
"-124.02","54.03","VANDERHOOF","1098D90","2018-08-09","2018","08","09","†","30.0","","12.0","","21.0","","0.0","","3.0","","0.0","","0.0","","0.0","","0","","","","",""
"-124.02","54.03","VANDERHOOF","1098D90","2018-08-10","2018","08","10","†","24.0","","13.5","","18.8","","0.0","","0.8","","0.0","","0.0","","0.0","","0","","","","",""
"-124.02","54.03","VANDERHOOF","1098D90","2018-08-11","2018","08","11","†","23.5","","9.0","","16.3","","1.7","","0.0","","0.0","","0.0","","0.0","","0","","","","",""
"-124.02","54.03","VANDERHOOF","1098D90","2018-08-12","2018","08","12","†","27.0","","7.0","","17.0","","1.0","","0.0","","0.0","","0.0","","0.0","","0","","","","",""
"-124.02","54.03","VANDERHOOF","1098D90","2018-08-13","2018","08","13","†","27.0","","7.0","","17.0","","1.0","","0.0","","0.0","","0.0","","0.0","","0","","","","",""
"-124.02","54.03","VANDERHOOF","1098D90","2018-08-14","2018","08","14","†","27.5","","11.0","","19.3","","0.0","","1.3","","0.0","","0.0","","0.0","","0","","","","",""
"-124.02","54.03","VANDERHOOF","1098D90","2018-08-15","2018","08","15","†","22.5","","11.0","","16.8","","1.2","","0.0","","0.0","","0.0","","0.0","","0","","","","",""
"-124.02","54.03","VANDERHOOF","1098D90","2018-08-16","2018","08","16","†","25.0","","7.0","","16.0","","2.0","","0.0","","0.0","","0.0","","0.0","","0","","","","",""
"-124.02","54.03","VANDERHOOF","1098D90","2018-08-17","2018","08","17","†","26.0","","10.0","","18.0","","0.0","","0.0","","0.0","","0.0","","0.0","","0","","","","",""
"-124.02","54.03","VANDERHOOF","1098D90","2018-08-18","2018","08","18","†","23.0","","7.0","","15.0","","3.0","","0.0","","0.0","","0.0","","0.0","","0","","","","",""
"-124.02","54.03","VANDERHOOF","1098D90","2018-08-19","2018","08","19","†","26.0","","4.0","","15.0","","3.0","","0.0","","0.0","","0.0","","0.0","","0","","","","",""
"-124.02","54.03","VANDERHOOF","1098D90","2018-08-20","2018","08","20","†","27.5","","4.0","","15.8","","2.2","","0.0","","0.0","","0.0","","0.0","","0","","","","",""
"-124.02","54.03","VANDERHOOF","1098D90","2018-08-21","2018","08","21","†","24.5","","5.5","","15.0","","3.0","","0.0","","0.0","","0.0","","0.0","","0","","","","",""
"-124.02","54.03","VANDERHOOF","1098D90","2018-08-22","2018","08","22","†","23.5","","7.0","","15.3","","2.7","","0.0","","0.0","","0.0","","0.0","","0","","","","",""
"-124.02","54.03","VANDERHOOF","1098D90","2018-08-23","2018","08","23","†","22.0","","8.5","","15.3","","2.7","","0.0","","0.0","","0.0","","0.0","","0","","","","",""
"-124.02","54.03","VANDERHOOF","1098D90","2018-08-24","2018","08","24","†","22.0","","6.5","","14.3","","3.7","","0.0","","1.4","","0.0","","1.4","","0","","","","",""
"-124.02","54.03","VANDERHOOF","1098D90","2018-08-25","2018","08","25","†","20.5","","11.0","","15.8","","2.2","","0.0","","0.0","","0.0","","0.0","","0","","","","",""
"-124.02","54.03","VANDERHOOF","1098D90","2018-08-26","2018","08","26","†","22.0","","11.0","","16.5","","1.5","","0.0","","0.0","","0.0","","0.0","","0","","","","",""
"-124.02","54.03","VANDERHOOF","1098D90","2018-08-27","2018","08","27","†","22.0","","3.0","","12.5","","5.5","","0.0","","0.0","","0.0","","0.0","","0","","","","",""
"-124.02","54.03","VANDERHOOF","1098D90","2018-08-28","2018","08","28","†","22.0","","12.0","","17.0","","1.0","","0.0","","0.0","","0.0","","0.0","","0","","","","",""
"-124.02","54.03","VANDERHOOF","1098D90","2018-08-29","2018","08","29","†","21.5","","7.0","","14.3","","3.7","","0.0","","0.0","","0.0","","0.0","","0","","","","",""
"-124.02","54.03","VANDERHOOF","1098D90","2018-08-30","2018","08","30","†","21.0","","12.0","","16.5","","1.5","","0.0","","0.0","","0.0","","0.0","","0","","","","",""
"-124.02","54.03","VANDERHOOF","1098D90","2018-08-31","2018","08","31","†","17.5","","10.0","","13.8","","4.2","","0.0","","1.6","","0.0","","1.6","","0","","","","",""
"-124.02","54.03","VANDERHOOF","1098D90","2018-09-01","2018","09","01","†","18.0","","3.0","","10.5","","7.5","","0.0","","3.2","","0.0","","3.2","","0","","","","",""
"-124.02","54.03","VANDERHOOF","1098D90","2018-09-02","2018","09","02","†","19.0","","8.0","","13.5","","4.5","","0.0","","2.2","","0.0","","2.2","","0","","","","",""
"-124.02","54.03","VANDERHOOF","1098D90","2018-09-03","2018","09","03","†","16.0","","6.0","","11.0","","7.0","","0.0","","0.4","","0.0","","0.4","","0","","","","",""
"-124.02","54.03","VANDERHOOF","1098D90","2018-09-04","2018","09","04","†","20.0","","2.5","","11.3","","6.7","","0.0","","0.0","","0.0","","0.0","","0","","","","",""
"-124.02","54.03","VANDERHOOF","1098D90","2018-09-05","2018","09","05","†","18.5","","3.5","","11.0","","7.0","","0.0","","0.0","","0.0","","0.0","","0","","","","",""
"-124.02","54.03","VANDERHOOF","1098D90","2018-09-06","2018","09","06","†","19.5","","4.0","","11.8","","6.2","","0.0","","0.6","","0.0","","0.6","","0","","","","",""
"-124.02","54.03","VANDERHOOF","1098D90","2018-09-07","2018","09","07","†","20.5","","9.5","","15.0","","3.0","","0.0","","0.4","","0.0","","0.4","","0","","","","",""
"-124.02","54.03","VANDERHOOF","1098D90","2018-09-08","2018","09","08","†","20.5","","8.0","","14.3","","3.7","","0.0","","1.4","","0.0","","1.4","","0","","","","",""
"-124.02","54.03","VANDERHOOF","1098D90","2018-09-09","2018","09","09","†","13.5","","6.5","","10.0","","8.0","","0.0","","10.6","","0.0","","10.6","","0","","","","",""
"-124.02","54.03","VANDERHOOF","1098D90","2018-09-10","2018","09","10","†","18.0","","6.0","","12.0","","6.0","","0.0","","0.4","","0.0","","0.4","","0","","","","",""
"-124.02","54.03","VANDERHOOF","1098D90","2018-09-11","2018","09","11","†","16.5","","7.0","","11.8","","6.2","","0.0","","0.4","","0.0","","0.4","","0","","","","",""
"-124.02","54.03","VANDERHOOF","1098D90","2018-09-12","2018","09","12","†","8.5","","2.0","","5.3","","12.7","","0.0","","0.0","","0.0","","0.0","","0","","","","",""
"-124.02","54.03","VANDERHOOF","1098D90","2018-09-13","2018","09","13","†","9.0","","-5.0","","2.0","","16.0","","0.0","","0.0","","0.0","","0.0","","0","","","","",""
"-124.02","54.03","VANDERHOOF","1098D90","2018-09-14","2018","09","14","†","10.0","","-5.0","","2.5","","15.5","","0.0","","0.0","","0.0","","0.0","","0","","","","",""
"-124.02","54.03","VANDERHOOF","1098D90","2018-09-15","2018","09","15","†","5.0","","3.5","","4.3","","13.7","","0.0","","2.6","","0.0","","2.6","","0","","","","",""
"-124.02","54.03","VANDERHOOF","1098D90","2018-09-16","2018","09","16","†","10.0","","3.0","","6.5","","11.5","","0.0","","2.4","","0.0","","2.4","","0","","","","",""
"-124.02","54.03","VANDERHOOF","1098D90","2018-09-17","2018","09","17","†","10.5","","3.0","","6.8","","11.2","","0.0","","0.0","","0.0","","0.0","","0","","","","",""
"-124.02","54.03","VANDERHOOF","1098D90","2018-09-18","2018","09","18","†","15.5","","3.0","","9.3","","8.7","","0.0","","0.0","","0.0","","0.0","","0","","","","",""
"-124.02","54.03","VANDERHOOF","1098D90","2018-09-19","2018","09","19","†","11.5","","0.0","","5.8","","12.2","","0.0","","0.0","","0.0","","0.0","","0","","","","",""
"-124.02","54.03","VANDERHOOF","1098D90","2018-09-20","2018","09","20","†","13.5","","5.0","","9.3","","8.7","","0.0","","0.0","","0.0","","0.0","","0","","","","",""
"-124.02","54.03","VANDERHOOF","1098D90","2018-09-21","2018","09","21","†","9.5","","-3.0","","3.3","","14.7","","0.0","","0.0","","0.0","","0.0","","0","","","","",""
"-124.02","54.03","VANDERHOOF","1098D90","2018-09-22","2018","09","22","†","13.5","","2.0","","7.8","","10.2","","0.0","","0.0","","0.0","","0.0","","0","","","","",""
"-124.02","54.03","VANDERHOOF","1098D90","2018-09-23","2018","09","23","†","14.5","","-3.0","","5.8","","12.2","","0.0","","1.2","","0.0","","1.2","","0","","","","",""
"-124.02","54.03","VANDERHOOF","1098D90","2018-09-24","2018","09","24","†","19.0","","5.0","","12.0","","6.0","","0.0","","0.0","","0.0","","0.0","","0","","","","",""
"-124.02","54.03","VANDERHOOF","1098D90","2018-09-25","2018","09","25","†","18.5","","3.0","","10.8","","7.2","","0.0","","0.0","","0.0","","0.0","","0","","","","",""
"-124.02","54.03","VANDERHOOF","1098D90","2018-09-26","2018","09","26","†","19.5","","9.0","","14.3","","3.7","","0.0","","0.0","T","0.0","","0.0","T","0","","","","",""
"-124.02","54.03","VANDERHOOF","1098D90","2018-09-27","2018","09","27","†","18.0","","9.0","","13.5","","4.5","","0.0","","0.0","","0.0","","0.0","","0","","","","",""
"-124.02","54.03","VANDERHOOF","1098D90","2018-09-28","2018","09","28","†","17.5","","-2.5","","7.5","","10.5","","0.0","","0.0","","0.0","","0.0","","0","","","","",""
"-124.02","54.03","VANDERHOOF","1098D90","2018-09-29","2018","09","29","†","10.5","","1.0","","5.8","","12.2","","0.0","","0.0","","0.0","","0.0","","0","","","","",""
"-124.02","54.03","VANDERHOOF","1098D90","2018-09-30","2018","09","30","†","10.0","","-6.5","","1.8","","16.2","","0.0","","0.0","","0.0","","0.0","","0","","","","",""
"-124.02","54.03","VANDERHOOF","1098D90","2018-10-01","2018","10","01","†","5.5","","-6.5","","-0.5","","18.5","","0.0","","0.0","","0.0","","0.0","","0","","","","",""
"-124.02","54.03","VANDERHOOF","1098D90","2018-10-02","2018","10","02","†","6.5","","-4.0","","1.3","","16.7","","0.0","","0.0","","0.0","","0.0","","0","","","","",""
"-124.02","54.03","VANDERHOOF","1098D90","2018-10-03","2018","10","03","†","7.0","","-10.0","","-1.5","","19.5","","0.0","","0.0","","0.0","","0.0","","0","","","","",""
"-124.02","54.03","VANDERHOOF","1098D90","2018-10-04","2018","10","04","†","13.0","","-8.0","","2.5","","15.5","","0.0","","0.0","","0.0","","0.0","","0","","","","",""
"-124.02","54.03","VANDERHOOF","1098D90","2018-10-05","2018","10","05","†","14.5","","-6.0","","4.3","","13.7","","0.0","","0.0","","0.0","","0.0","","0","","","","",""
"-124.02","54.03","VANDERHOOF","1098D90","2018-10-06","2018","10","06","†","16.0","","-4.0","","6.0","","12.0","","0.0","","2.4","","0.0","","2.4","","0","","","","",""
"-124.02","54.03","VANDERHOOF","1098D90","2018-10-07","2018","10","07","†","8.5","","3.0","","5.8","","12.2","","0.0","","2.6","","0.0","","2.6","","0","","","","",""
"-124.02","54.03","VANDERHOOF","1098D90","2018-10-08","2018","10","08","†","6.0","","4.0","","5.0","","13.0","","0.0","","8.0","","0.0","","8.0","","0","","","","",""
"-124.02","54.03","VANDERHOOF","1098D90","2018-10-09","2018","10","09","†","6.0","","0.0","","3.0","","15.0","","0.0","","0.0","","0.0","","0.0","","0","","","","",""
"-124.02","54.03","VANDERHOOF","1098D90","2018-10-10","2018","10","10","†","3.0","","1.0","","2.0","","16.0","","0.0","","0.0","T","0.0","","0.0","T","0","","","","",""
"-124.02","54.03","VANDERHOOF","1098D90","2018-10-11","2018","10","11","†","10.0","","0.0","","5.0","","13.0","","0.0","","0.0","","0.0","","0.0","","0","","","","",""
"-124.02","54.03","VANDERHOOF","1098D90","2018-10-12","2018","10","12","†","10.0","","7.0","","8.5","","9.5","","0.0","","0.8","","0.0","","0.8","","0","","","","",""
"-124.02","54.03","VANDERHOOF","1098D90","2018-10-13","2018","10","13","†","13.0","","-5.0","","4.0","","14.0","","0.0","","0.0","","0.0","","0.0","","0","","","","",""
"-124.02","54.03","VANDERHOOF","1098D90","2018-10-14","2018","10","14","†","14.0","","-4.0","","5.0","","13.0","","0.0","","0.0","","0.0","","0.0","","0","","","","",""
"-124.02","54.03","VANDERHOOF","1098D90","2018-10-15","2018","10","15","","","","","","","","","","","","","","","","","","","","","","",""
"-124.02","54.03","VANDERHOOF","1098D90","2018-10-16","2018","10","16","","","","","","","","","","","","","","","","","","","","","","",""
"-124.02","54.03","VANDERHOOF","1098D90","2018-10-17","2018","10","17","†","12.5","","-2.5","","5.0","","13.0","","0.0","","0.0","","0.0","","0.0","","0","","","","",""
"-124.02","54.03","VANDERHOOF","1098D90","2018-10-18","2018","10","18","","","","","","","","","","","","","","","","","","","","","","",""
"-124.02","54.03","VANDERHOOF","1098D90","2018-10-19","2018","10","19","","","","","","","","","","","","","","","","","","","","","","",""
"-124.02","54.03","VANDERHOOF","1098D90","2018-10-20","2018","10","20","†","15.0","","1.0","","8.0","","10.0","","0.0","","0.0","","0.0","","0.0","","0","","","","",""
"-124.02","54.03","VANDERHOOF","1098D90","2018-10-21","2018","10","21","†","12.5","","-5.0","","3.8","","14.2","","0.0","","0.0","","0.0","","0.0","","0","","","","",""
"-124.02","54.03","VANDERHOOF","1098D90","2018-10-22","2018","10","22","†","13.0","","-4.0","","4.5","","13.5","","0.0","","0.0","","0.0","","0.0","","0","","","","",""
"-124.02","54.03","VANDERHOOF","1098D90","2018-10-23","2018","10","23","†","16.0","","-5.5","","5.3","","12.7","","0.0","","0.0","","0.0","","0.0","","0","","","","",""
"-124.02","54.03","VANDERHOOF","1098D90","2018-10-24","2018","10","24","†","15.0","","-2.0","","6.5","","11.5","","0.0","","0.4","","0.0","","0.4","","0","","","","",""
"-124.02","54.03","VANDERHOOF","1098D90","2018-10-25","2018","10","25","†","13.5","","2.0","","7.8","","10.2","","0.0","","0.8","","0.0","","0.8","","0","","","","",""
"-124.02","54.03","VANDERHOOF","1098D90","2018-10-26","2018","10","26","†","14.0","","-3.0","","5.5","","12.5","","0.0","","0.0","","0.0","","0.0","","0","","","","",""
"-124.02","54.03","VANDERHOOF","1098D90","2018-10-27","2018","10","27","†","11.0","","-2.0","","4.5","","13.5","","0.0","","1.8","","0.0","","1.8","","0","","","","",""
"-124.02","54.03","VANDERHOOF","1098D90","2018-10-28","2018","10","28","†","11.5","","4.0","","7.8","","10.2","","0.0","","0.4","","0.0","","0.4","","0","","","","",""
"-124.02","54.03","VANDERHOOF","1098D90","2018-10-29","2018","10","29","†","10.0","","-0.5","","4.8","","13.2","","0.0","","0.8","","0.0","","0.8","","0","","","","",""
"-124.02","54.03","VANDERHOOF","1098D90","2018-10-30","2018","10","30","†","9.0","","1.0","","5.0","","13.0","","0.0","","4.4","","0.0","","4.4","","0","","","","",""
"-124.02","54.03","VANDERHOOF","1098D90","2018-10-31","2018","10","31","†","10.0","","2.0","","6.0","","12.0","","0.0","","0.2","","4.0","","4.2","","0","","","","",""
"-124.02","54.03","VANDERHOOF","1098D90","2018-11-01","2018","11","01","†","1.0","","-2.0","","-0.5","","18.5","","0.0","","13.4","","0.0","","13.4","","0","","","","",""
"-124.02","54.03","VANDERHOOF","1098D90","2018-11-02","2018","11","02","†","6.0","","0.5","","3.3","","14.7","","0.0","","3.2","","0.0","","3.2","","0","","","","",""
"-124.02","54.03","VANDERHOOF","1098D90","2018-11-03","2018","11","03","†","6.0","","2.5","","4.3","","13.7","","0.0","","21.6","","0.0","","21.6","","0","","","","",""
"-124.02","54.03","VANDERHOOF","1098D90","2018-11-04","2018","11","04","†","11.0","","2.0","","6.5","","11.5","","0.0","","0.6","","0.6","","1.2","","0","","","","",""
"-124.02","54.03","VANDERHOOF","1098D90","2018-11-05","2018","11","05","†","-0.5","","-2.0","","-1.3","","19.3","","0.0","","0.0","","3.6","","3.6","","0","","","","",""
"-124.02","54.03","VANDERHOOF","1098D90","2018-11-06","2018","11","06","†","-1.0","","-4.0","","-2.5","","20.5","","0.0","","0.0","","0.0","","0.0","","0","","","","",""
"-124.02","54.03","VANDERHOOF","1098D90","2018-11-07","2018","11","07","†","5.5","","-14.0","","-4.3","","22.3","","0.0","","0.0","","0.0","","0.0","","0","","","","",""
"-124.02","54.03","VANDERHOOF","1098D90","2018-11-08","2018","11","08","†","-1.0","","-6.0","","-3.5","","21.5","","0.0","","4.2","","0.0","","4.2","","0","","","","",""
"-124.02","54.03","VANDERHOOF","1098D90","2018-11-09","2018","11","09","†","5.0","","-2.0","","1.5","","16.5","","0.0","","0.0","","0.0","","0.0","","0","","","","",""
"-124.02","54.03","VANDERHOOF","1098D90","2018-11-10","2018","11","10","†","6.0","","-3.0","","1.5","","16.5","","0.0","","0.0","","0.0","","0.0","","0","","","","",""
"-124.02","54.03","VANDERHOOF","1098D90","2018-11-11","2018","11","11","†","1.0","","-5.0","","-2.0","","20.0","","0.0","","0.0","","0.0","","0.0","","0","","","","",""
"-124.02","54.03","VANDERHOOF","1098D90","2018-11-12","2018","11","12","†","2.0","","-2.0","","0.0","","18.0","","0.0","","0.0","","0.0","","0.0","","0","","","","",""
"-124.02","54.03","VANDERHOOF","1098D90","2018-11-13","2018","11","13","†","3.5","","-4.0","","-0.3","","18.3","","0.0","","0.0","T","0.0","","0.0","T","0","","","","",""
"-124.02","54.03","VANDERHOOF","1098D90","2018-11-14","2018","11","14","†","3.5","","-1.0","","1.3","","16.7","","0.0","","10.0","","0.0","","10.0","","0","","","","",""
"-124.02","54.03","VANDERHOOF","1098D90","2018-11-15","2018","11","15","†","3.0","","-1.0","","1.0","","17.0","","0.0","","7.0","","0.0","","7.0","","0","","","","",""
"-124.02","54.03","VANDERHOOF","1098D90","2018-11-16","2018","11","16","†","0.0","","-6.0","","-3.0","","21.0","","0.0","","0.0","","0.0","","0.0","","0","","","","",""
"-124.02","54.03","VANDERHOOF","1098D90","2018-11-17","2018","11","17","†","-2.0","","-4.0","","-3.0","","21.0","","0.0","","0.0","","0.4","","0.4","","0","","","","",""
"-124.02","54.03","VANDERHOOF","1098D90","2018-11-18","2018","11","18","†","5.5","","-4.0","","0.8","","17.2","","0.0","","0.0","","0.0","","0.0","","0","","","","",""
"-124.02","54.03","VANDERHOOF","1098D90","2018-11-19","2018","11","19","†","3.5","","-7.5","","-2.0","","20.0","","0.0","","0.0","","0.0","","0.0","","0","","","","",""
"-124.02","54.03","VANDERHOOF","1098D90","2018-11-20","2018","11","20","†","-1.0","","-4.5","","-2.8","","20.8","","0.0","","0.0","","0.0","","0.0","","0","","","","",""
"-124.02","54.03","VANDERHOOF","1098D90","2018-11-21","2018","11","21","†","7.5","","-2.5","","2.5","","15.5","","0.0","","0.0","","0.0","","0.0","","0","","","","",""
"-124.02","54.03","VANDERHOOF","1098D90","2018-11-22","2018","11","22","†","4.0","","-7.0","","-1.5","","19.5","","0.0","","0.0","","2.2","","2.2","","0","","","","",""
"-124.02","54.03","VANDERHOOF","1098D90","2018-11-23","2018","11","23","†","1.0","","-2.0","","-0.5","","18.5","","0.0","","0.0","","0.0","","0.0","","0","","","","",""
"-124.02","54.03","VANDERHOOF","1098D90","2018-11-24","2018","11","24","†","1.0","","-2.5","","-0.8","","18.8","","0.0","","0.0","","0.0","T","0.0","T","0","","","","",""
"-124.02","54.03","VANDERHOOF","1098D90","2018-11-25","2018","11","25","†","5.0","","-1.0","","2.0","","16.0","","0.0","","4.4","","0.0","","4.4","","0","","","","",""
"-124.02","54.03","VANDERHOOF","1098D90","2018-11-26","2018","11","26","†","4.0","","3.0","","3.5","","14.5","","0.0","","5.4","","0.0","","5.4","","0","","","","",""
"-124.02","54.03","VANDERHOOF","1098D90","2018-11-27","2018","11","27","†","4.0","","1.5","","2.8","","15.2","","0.0","","3.8","","0.0","","3.8","","0","","","","",""
"-124.02","54.03","VANDERHOOF","1098D90","2018-11-28","2018","11","28","†","2.5","","-4.0","","-0.8","","18.8","","0.0","","0.4","","0.0","","0.4","","0","","","","",""
"-124.02","54.03","VANDERHOOF","1098D90","2018-11-29","2018","11","29","†","3.0","","-4.5","","-0.8","","18.8","","0.0","","0.0","","0.0","","0.0","","0","","","","",""
"-124.02","54.03","VANDERHOOF","1098D90","2018-11-30","2018","11","30","†","-2.0","","-3.5","","-2.8","","20.8","","0.0","","0.0","","0.0","","0.0","","0","","","","",""
"-124.02","54.03","VANDERHOOF","1098D90","2018-12-01","2018","12","01","†","-1.0","","-3.5","","-2.3","","20.3","","0.0","","0.0","","0.0","","0.0","","0","","","","",""
"-124.02","54.03","VANDERHOOF","1098D90","2018-12-02","2018","12","02","†","-2.0","","-11.0","","-6.5","","24.5","","0.0","","0.0","","0.0","","0.0","","0","","","","",""
"-124.02","54.03","VANDERHOOF","1098D90","2018-12-03","2018","12","03","†","-4.0","","-5.0","","-4.5","","22.5","","0.0","","0.0","","0.0","","0.0","","0","","","","",""
"-124.02","54.03","VANDERHOOF","1098D90","2018-12-04","2018","12","04","†","-4.5","","-10.0","","-7.3","","25.3","","0.0","","0.0","","0.0","","0.0","","0","","","","",""
"-124.02","54.03","VANDERHOOF","1098D90","2018-12-05","2018","12","05","†","-6.0","","-7.0","","-6.5","","24.5","","0.0","","0.0","","0.0","","0.0","","0","","","","",""
"-124.02","54.03","VANDERHOOF","1098D90","2018-12-06","2018","12","06","†","-6.5","","-7.5","","-7.0","","25.0","","0.0","","0.0","","0.0","","0.0","","0","","","","",""
"-124.02","54.03","VANDERHOOF","1098D90","2018-12-07","2018","12","07","†","-7.5","","-11.0","","-9.3","","27.3","","0.0","","0.0","","0.0","","0.0","","0","","","","",""
"-124.02","54.03","VANDERHOOF","1098D90","2018-12-08","2018","12","08","†","0.0","","-14.0","","-7.0","","25.0","","0.0","","0.0","","0.0","","0.0","","0","","","","",""
"-124.02","54.03","VANDERHOOF","1098D90","2018-12-09","2018","12","09","†","2.5","","-13.0","","-5.3","","23.3","","0.0","","0.0","","0.0","","0.0","","0","","","","",""
"-124.02","54.03","VANDERHOOF","1098D90","2018-12-10","2018","12","10","†","2.0","","-10.0","","-4.0","","22.0","","0.0","","0.0","","0.0","T","0.0","T","0","","","","",""
"-124.02","54.03","VANDERHOOF","1098D90","2018-12-11","2018","12","11","†","7.0","","-6.0","","0.5","","17.5","","0.0","","0.0","","0.0","","0.0","","0","","","","",""
"-124.02","54.03","VANDERHOOF","1098D90","2018-12-12","2018","12","12","†","3.0","","-1.0","","1.0","","17.0","","0.0","","0.0","","0.0","","0.0","","0","","","","",""
"-124.02","54.03","VANDERHOOF","1098D90","2018-12-13","2018","12","13","†","4.0","","-1.0","","1.5","","16.5","","0.0","","0.0","","8.0","","8.0","","0","","","","",""
"-124.02","54.03","VANDERHOOF","1098D90","2018-12-14","2018","12","14","†","5.5","","-2.0","","1.8","","16.2","","0.0","","0.0","","1.6","","1.6","","8","","","","",""
"-124.02","54.03","VANDERHOOF","1098D90","2018-12-15","2018","12","15","†","2.0","","-11.5","","-4.8","","22.8","","0.0","","0.0","","0.0","","0.0","","8","","","","",""
"-124.02","54.03","VANDERHOOF","1098D90","2018-12-16","2018","12","16","†","4.5","","-3.0","","0.8","","17.2","","0.0","","2.8","","0.0","","2.8","","7","","","","",""
"-124.02","54.03","VANDERHOOF","1098D90","2018-12-17","2018","12","17","†","1.0","","-5.5","","-2.3","","20.3","","0.0","","0.0","","0.0","","0.0","","5","","","","",""
"-124.02","54.03","VANDERHOOF","1098D90","2018-12-18","2018","12","18","†","4.0","","-4.5","","-0.3","","18.3","","0.0","","0.0","","0.0","","0.0","","5","","","","",""
"-124.02","54.03","VANDERHOOF","1098D90","2018-12-19","2018","12","19","†","0.0","","-9.0","","-4.5","","22.5","","0.0","","0.0","","5.0","","5.0","","5","","","","",""
"-124.02","54.03","VANDERHOOF","1098D90","2018-12-20","2018","12","20","†","1.0","","-6.0","","-2.5","","20.5","","0.0","","0.4","","4.0","","4.4","","10","","","","",""
"-124.02","54.03","VANDERHOOF","1098D90","2018-12-21","2018","12","21","†","-6.0","","-10.0","","-8.0","","26.0","","0.0","","0.0","","0.0","","0.0","","13","","","","",""
"-124.02","54.03","VANDERHOOF","1098D90","2018-12-22","2018","12","22","†","-3.0","","-18.0","","-10.5","","28.5","","0.0","","0.0","","2.0","","2.0","","13","","","","",""
"-124.02","54.03","VANDERHOOF","1098D90","2018-12-23","2018","12","23","†","-0.5","","-6.0","","-3.3","","21.3","","0.0","","0.0","","0.0","","0.0","","16","","","","",""
"-124.02","54.03","VANDERHOOF","1098D90","2018-12-24","2018","12","24","†","2.0","","-5.5","","-1.8","","19.8","","0.0","","0.0","","0.0","","0.0","","15","","","","",""
"-124.02","54.03","VANDERHOOF","1098D90","2018-12-25","2018","12","25","†","-6.0","","-14.5","","-10.3","","28.3","","0.0","","0.0","","0.0","","0.0","","15","","","","",""
"-124.02","54.03","VANDERHOOF","1098D90","2018-12-26","2018","12","26","†","-2.5","","-17.5","","-10.0","","28.0","","0.0","","0.0","","0.0","","0.0","","15","","","","",""
"-124.02","54.03","VANDERHOOF","1098D90","2018-12-27","2018","12","27","†","-4.5","","-12.0","","-8.3","","26.3","","0.0","","0.0","","8.0","","8.0","","15","","","","",""
"-124.02","54.03","VANDERHOOF","1098D90","2018-12-28","2018","12","28","†","0.0","","-11.5","","-5.8","","23.8","","0.0","","0.0","","27.0","","27.0","","21","","","","",""
"-124.02","54.03","VANDERHOOF","1098D90","2018-12-29","2018","12","29","†","5.0","","-1.5","","1.8","","16.2","","0.0","","1.0","","0.0","","1.0","","42","","","","",""
"-124.02","54.03","VANDERHOOF","1098D90","2018-12-30","2018","12","30","†","1.5","","-4.5","","-1.5","","19.5","","0.0","","0.0","","0.0","","0.0","","37","","","","",""
"-124.02","54.03","VANDERHOOF","1098D90","2018-12-31","2018","12","31","†","-2.0","","-16.0","","-9.0","","27.0","","0.0","","0.0","","1.0","","1.0","","36","","","","",""
